episode,seed,winner,red_score,blue_score,red_decisions,blue_decisions,moves,place,remove,capture,red_gradient_norm,blue_gradient_norm,early_passes,captures_left_on_pass,spent_actions,red_learning_return,blue_learning_return,red_final_budget,blue_final_budget
1,42,blue,-3219,13475,310,265,419,139,132,148,293.1094944863254,114.90172670936349,154,5320,715,-16694.0,16694.0,829,3367
2,43,blue,-5469,19142,365,297,503,194,180,129,241.95593973196094,267.5911898614103,157,8629,761,-24611.0,24611.0,848,815
3,44,blue,-4082,12686,351,327,520,176,168,176,153.3427878784786,149.3543344596339,156,5843,872,-16768.0,16768.0,262,2647
4,45,blue,-4390,19031,295,299,437,129,146,162,247.7420253640691,330.20300539833386,156,7585,761,-23421.0,23421.0,191,2123
5,46,red,12911,-3690,280,314,438,158,140,140,128.38633564399447,138.73580281845722,153,5559,718,16601.0,-16601.0,3065,562
6,47,red,16598,-5240,272,266,381,132,130,119,194.90512865494986,228.22670365866577,155,7691,619,21838.0,-21838.0,878,814
7,48,blue,-3677,15026,447,320,612,222,232,158,150.19080202685618,151.5071972293325,153,6090,928,-18703.0,18703.0,176,1058
8,49,blue,-3813,13991,409,327,580,191,210,179,141.72688689047226,114.92793586517726,155,5907,938,-17804.0,17804.0,2023,2731
9,50,blue,-5039,15065,270,288,400,137,148,115,184.92755963192747,193.22494045270196,155,7237,630,-20104.0,20104.0,2151,2627
10,51,red,11447,-2450,324,291,460,152,185,123,89.88583973790779,74.53274968712745,155,4175,706,13897.0,-13897.0,3124,975
11,52,red,15866,-4062,318,322,483,166,170,147,107.65368552538108,180.1126559719336,156,6624,777,19928.0,-19928.0,2844,293
12,53,red,13256,-3955,259,286,388,137,135,116,141.56792503410782,193.25118191705369,156,5943,620,17211.0,-17211.0,4220,1216
13,54,red,17603,-5238,511,291,647,223,227,197,125.58046890325184,139.92102053888746,154,7912,1041,22841.0,-22841.0,662,1044
14,55,red,17873,-5413,431,279,553,188,195,170,257.79422239885065,171.68296954245267,157,8106,893,23286.0,-23286.0,935,2069
15,56,blue,-2759,12710,449,304,595,207,219,169,138.68188603937958,90.75893054085118,154,4684,933,-15469.0,15469.0,276,2840
16,57,blue,-4448,14738,439,298,584,200,197,187,136.83491819700177,175.98336972041952,152,6586,958,-19186.0,19186.0,479,1588
17,58,red,14207,-3735,425,278,546,177,198,171,128.5313121667241,185.91002371463142,156,5881,888,17942.0,-17942.0,1511,1737
18,59,blue,-4643,13937,374,313,531,190,180,161,165.91217269941419,111.7621939194962,155,6336,853,-18580.0,18580.0,666,2111
19,60,blue,-3018,12296,502,327,672,230,248,194,80.93418044449756,120.39076321099192,155,4868,1060,-15314.0,15314.0,815,2738
20,61,blue,-4114,11075,397,301,541,191,191,159,77.20612587962093,99.5044757575461,155,5147,859,-15189.0,15189.0,1029,1327
21,62,red,18230,-5575,271,266,378,128,142,108,187.87170741029703,227.82551123830441,156,8498,594,23805.0,-23805.0,2372,496
22,63,red,12560,-4689,262,333,437,157,149,131,194.04051477547,113.62082280130451,155,6170,699,17249.0,-17249.0,2147,508
23,64,blue,-3706,13967,569,284,695,256,244,195,199.16400455804026,116.22615640125913,156,5910,1085,-17673.0,17673.0,61,2397
24,65,blue,-2682,12458,499,281,623,216,219,188,101.20861846841714,87.44102588567449,156,4255,999,-15140.0,15140.0,243,3143
25,66,blue,-5116,18872,308,262,415,151,147,117,373.013334176777,291.08720454760214,155,8122,649,-23988.0,23988.0,385,1419
26,67,red,14033,-3317,345,304,493,159,188,146,154.048537890144,135.41355062679105,156,5505,785,17350.0,-17350.0,3610,416
27,68,blue,-5312,17732,291,365,500,174,168,158,224.55811646087426,170.93146664881576,155,8066,816,-23044.0,23044.0,908,1140
28,69,red,11042,-1689,303,202,376,129,134,113,57.43911357337162,118.45907213517576,121,2738,602,12731.0,-12731.0,3872,0
29,70,red,14468,-4617,328,368,541,198,185,158,136.56167207179826,167.04447473813178,155,6704,857,19085.0,-19085.0,886,715
30,71,blue,-2973,12128,431,309,585,191,196,198,111.86362773989795,126.70396368179829,154,4627,981,-15101.0,15101.0,281,3738
31,72,blue,-4213,13430,412,302,557,204,199,154,138.97979742592597,114.45402596835324,154,6106,865,-17643.0,17643.0,497,1546
32,73,red,13889,-4300,475,340,658,240,236,182,139.38799149882837,120.04465470755616,157,6228,1022,18189.0,-18189.0,911,1929
33,74,blue,-2851,13790,236,340,456,154,160,142,131.64915281167873,92.33812099052803,107,4022,740,-16641.0,16641.0,0,3221
34,75,red,10373,-3080,303,339,485,150,159,176,98.75181850535941,137.49023318561163,156,4291,837,13453.0,-13453.0,2994,214
35,76,red,12737,-3692,340,303,484,170,166,148,165.15259866196018,109.84170761064156,156,5632,780,16429.0,-16429.0,1532,1354
36,77,blue,-3757,12272,504,345,692,250,245,197,57.41438659700967,174.77904766161924,156,5459,1086,-16029.0,16029.0,302,3213
37,78,blue,-3156,13748,515,313,672,228,238,206,80.6828764129233,144.9564018503425,155,5162,1084,-16904.0,16904.0,844,2536
38,79,blue,-4501,14378,412,301,557,202,203,152,168.596121335784,135.00890753555566,154,6502,861,-18879.0,18879.0,358,1818
39,80,blue,-3108,13355,379,306,528,181,181,166,219.13030604595767,140.7502823463909,155,5248,860,-16463.0,16463.0,344,5996
40,81,red,15698,-4914,480,372,696,239,245,212,132.17524940082163,145.1302632531821,154,7212,1120,20612.0,-20612.0,341,830
41,82,blue,-3682,11372,510,355,710,261,236,213,123.2525874994793,127.91528336687372,152,4903,1136,-15054.0,15054.0,369,2255
42,83,blue,-3799,15500,481,339,663,233,239,191,128.13846042836013,117.8422113751528,155,6225,1045,-19299.0,19299.0,537,2561
43,84,red,12836,-3676,443,230,518,183,185,150,118.6261562269939,193.531097614699,155,5743,818,16512.0,-16512.0,3267,592
44,85,blue,-2992,13724,371,289,504,174,183,147,132.47140282467325,95.87789715823432,156,5281,798,-16716.0,16716.0,241,4435
45,86,red,13592,-3534,318,317,477,165,171,141,130.74183604227457,156.94067618213373,156,5778,759,17126.0,-17126.0,3718,653
46,87,red,11156,-2687,317,264,424,120,161,143,123.16650363481962,140.20136190166428,156,4402,710,13843.0,-13843.0,4727,1075
47,88,red,17189,-4836,307,273,423,142,157,124,228.79406685444116,198.03729293616783,154,7664,671,22025.0,-22025.0,1588,940
48,89,red,13496,-2877,275,260,380,124,141,115,84.33558619041924,151.9623625004469,154,5168,610,16373.0,-16373.0,4386,215
49,90,red,13463,-4309,290,311,445,165,161,119,208.10666660937235,247.70210474324426,156,6310,683,17772.0,-17772.0,1413,1272
50,91,red,13088,-2880,310,256,410,148,142,120,98.69180383691592,116.82595653326776,154,4926,650,15968.0,-15968.0,2980,626
51,92,blue,-3251,14237,448,335,628,202,236,190,175.27677066086258,79.839516901164,154,5500,1008,-17488.0,17488.0,326,5408
52,93,red,12650,-3340,323,293,461,159,166,136,107.65288013631019,164.41991470384164,155,5093,733,15990.0,-15990.0,2494,458
53,94,blue,-4328,12566,259,281,384,139,117,128,205.8185651058111,131.2251942239382,155,6038,640,-16894.0,16894.0,312,2313
54,95,red,12389,-3774,397,249,488,159,171,158,109.01237591363953,136.67752906860736,155,5520,804,16163.0,-16163.0,1813,1439
55,96,blue,-3797,15410,321,372,540,166,207,167,303.15964214408103,186.90650001624846,153,6127,874,-19207.0,19207.0,2738,2084
56,97,red,14891,-4596,261,319,425,134,161,130,202.79055025929372,237.25026508904148,155,6738,685,19487.0,-19487.0,1637,2513
57,98,red,11123,-2423,293,253,390,142,141,107,102.57118985485715,106.35450309141015,155,4216,604,13546.0,-13546.0,6198,171
58,99,red,14573,-3878,492,284,617,208,236,173,113.0379963217527,197.5210958023225,157,6106,963,18451.0,-18451.0,606,1438
59,100,red,11273,-3446,333,258,435,152,152,131,91.5866140869103,152.0230283189704,156,5134,697,14719.0,-14719.0,2068,2430
60,101,red,11471,-2594,333,299,474,153,160,161,101.2300572927097,143.75620504661185,156,4295,796,14065.0,-14065.0,3017,80
61,102,blue,-2731,10847,479,297,620,195,216,209,120.25324317767725,84.05412279740378,154,4101,1038,-13578.0,13578.0,255,5314
62,103,blue,-1884,10565,464,344,652,217,262,173,105.17160181153567,112.89815471109462,155,3495,998,-12449.0,12449.0,25,4010
63,104,blue,-4939,14567,272,331,447,151,146,150,199.24557942822943,285.41659159173054,155,6978,747,-19506.0,19506.0,1406,666
64,105,red,12005,-2108,294,282,421,124,163,134,79.23358553461851,105.90994248492026,155,4144,689,14113.0,-14113.0,4645,525
65,106,blue,-2021,13073,326,324,525,204,195,126,250.89255561534688,67.03532210531483,113,3384,777,-15094.0,15094.0,0,4836
66,107,red,15674,-4748,273,256,371,129,123,119,118.83223943325922,182.89185237731465,157,7180,609,20422.0,-20422.0,2680,586
67,108,blue,-4155,16820,398,365,605,200,207,198,181.32088009453508,126.58132000823429,157,6796,1001,-20975.0,20975.0,957,2064
68,109,blue,-3878,12758,457,299,598,200,214,184,166.05729732597246,116.10757008944069,157,5489,966,-16636.0,16636.0,1211,3024
69,110,red,13007,-3538,471,286,598,213,194,191,119.85942151856484,153.7723997605339,156,5201,980,16545.0,-16545.0,398,2772
70,111,blue,-355,6659,146,282,314,104,114,96,60.5676310305688,35.52754119634162,91,1229,506,-7014.0,7014.0,0,5704
71,112,red,13421,-4787,353,307,501,161,186,154,124.74503655866543,116.98246178186278,157,6778,809,18208.0,-18208.0,2461,1034
72,113,blue,-1493,9737,465,250,559,181,223,155,86.18819583978713,76.96445124785431,154,3259,869,-11230.0,11230.0,256,6546
73,114,blue,-2505,12284,444,305,591,205,201,185,130.9683195003031,135.01295553411325,155,4129,961,-14789.0,14789.0,609,2680
74,115,red,11519,-2897,369,327,541,173,194,174,137.36438390037515,113.91988773346661,154,4378,889,14416.0,-14416.0,4161,810
75,116,red,15242,-3436,295,302,440,160,148,132,131.26427475078907,256.9229591827012,155,6029,704,18678.0,-18678.0,1030,681
76,117,blue,-4420,15470,544,324,712,249,249,214,153.4950077014784,192.7005008817482,152,6531,1140,-19890.0,19890.0,846,565
77,118,red,8306,-1146,285,197,336,109,122,105,47.482196138833615,137.60766405988306,131,2462,546,9452.0,-9452.0,6370,86
78,119,red,14549,-3798,339,302,484,175,151,158,147.8337393159796,152.279458380847,155,6142,800,18347.0,-18347.0,1650,1339
79,120,blue,-2414,12359,413,348,605,204,222,179,92.21623438832655,134.98928028599317,155,4327,963,-14773.0,14773.0,1013,3464
80,121,blue,-3066,9281,462,281,586,206,225,155,89.61067134467855,106.55463806580006,156,4067,896,-12347.0,12347.0,1144,3456
81,122,blue,-4024,13319,481,301,626,233,230,163,210.24722005091942,128.7645132894722,155,5759,952,-17343.0,17343.0,993,2776
82,123,red,18404,-5486,472,376,693,245,233,215,172.77877948012335,137.67226239298384,154,8266,1123,23890.0,-23890.0,176,1353
83,124,blue,-4752,15095,436,309,592,198,217,177,133.48156361473517,123.00896678095236,151,6685,946,-19847.0,19847.0,371,2966
84,125,blue,-2644,13265,156,319,370,133,137,100,126.62739029169998,107.39860129245116,92,3074,570,-15909.0,15909.0,0,3245
85,126,red,12620,-4144,408,359,612,210,214,188,133.87915543668427,132.80388784413046,155,5718,988,16764.0,-16764.0,2230,1623
86,127,red,12434,-3123,290,324,458,154,169,135,134.53663782300038,196.91719091317927,155,4986,728,15557.0,-15557.0,2954,694
87,128,blue,-4413,14222,416,351,611,197,211,203,135.90729186770048,154.27153663026522,155,6376,1017,-18635.0,18635.0,2129,2033
88,129,blue,-4774,14339,254,239,336,117,107,112,132.93144284371277,223.5747802285704,156,6845,560,-19113.0,19113.0,1583,2321
89,130,red,19568,-6505,303,319,464,162,145,157,218.23528748447194,244.13659167385435,157,9333,778,26073.0,-26073.0,841,628
90,131,red,12017,-4391,495,288,629,233,215,181,224.1212396664477,168.79427283846408,154,5904,991,16408.0,-16408.0,889,1981
91,132,red,11120,-2062,341,240,423,139,157,127,89.48252046530114,163.2833314116111,155,3814,677,13182.0,-13182.0,5107,393
92,133,blue,-4078,16079,490,342,675,237,245,193,188.78618963762344,199.3424316545733,155,6569,1061,-20157.0,20157.0,372,1608
93,134,blue,-4306,14324,650,293,787,267,297,223,233.7076158509661,125.66863528221357,155,6248,1233,-18630.0,18630.0,1857,2422
94,135,red,12356,-3030,340,247,429,145,152,132,141.3695683471323,222.58478987063143,156,4923,693,15386.0,-15386.0,4555,1479
95,136,blue,-3850,12557,416,279,538,183,209,146,96.18013660715603,143.41320830550876,156,5724,830,-16407.0,16407.0,768,4023
96,137,blue,-5228,17933,536,368,749,233,287,229,173.7769660872367,176.7813255132188,154,7760,1207,-23161.0,23161.0,568,2936
97,138,blue,-3397,11972,457,329,627,212,215,200,93.10900066922541,105.5691537567552,157,4935,1027,-15369.0,15369.0,160,2549
98,139,red,13694,-3476,391,334,566,211,202,153,178.84658446900136,164.29434545686027,156,5415,872,17170.0,-17170.0,1465,115
99,140,blue,-2743,10544,496,275,615,208,249,158,97.98240790703274,100.3830771709118,155,4222,931,-13287.0,13287.0,866,4913
100,141,red,13283,-3729,266,307,416,147,138,131,88.17001429758753,105.50801183055174,156,5786,678,17012.0,-17012.0,1592,803
