episode,seed,winner,red_score,blue_score,red_decisions,blue_decisions,moves,place,remove,capture,red_gradient_norm,blue_gradient_norm
1,42,blue,604,1533,62,261,238,89,84,65,0.5577258533289071,0.527410769749513
2,43,red,1530,1401,263,328,438,139,155,144,0.24183752920848858,0.12077571065292893
3,44,red,984,344,265,41,215,78,80,57,0.21003855023739484,0.29652289288275235
4,45,blue,1025,1430,153,314,346,110,111,125,0.3740263054473976,0.3040966694017214
5,46,red,1306,1255,319,256,430,135,134,161,0.16498844869172916,0.23027237099319547
6,47,blue,1098,1401,280,325,451,150,150,151,0.12257625085310857,0.14721824918722842
7,48,red,1517,1346,303,309,464,141,154,169,0.1431321803589397,0.2894695143452653
8,49,blue,659,1322,250,277,377,111,138,128,0.20371947592408887,0.40180082537628675
9,50,red,1243,784,93,207,205,69,74,62,0.2651506477683847,0.4168348301809897
10,51,blue,495,1242,10,281,208,83,69,56,0.2873361931983563,0.2269517395170645
11,52,red,1552,1276,326,269,453,153,166,134,0.11123310556958212,0.20927340469053546
12,53,blue,251,967,109,261,266,92,94,80,0.10960313723430361,0.18702025941203904
13,54,blue,140,943,60,276,244,104,98,42,0.10825992749460459,0.3459455896244623
14,55,red,1317,1003,345,255,455,141,149,165,0.14451381839743846,0.16038873698228803
15,56,blue,32,798,21,284,226,93,97,36,0.138739454658171,0.08893005294266232
16,57,blue,477,1238,11,268,199,79,65,55,0.25881612493013223,0.18377643525262066
17,58,red,704,26,293,14,226,90,94,42,0.14775776850659153,0.017787917832320525
18,59,red,694,-42,238,1,160,71,61,28,0.09215806740339295,0.012963590726892156
19,60,red,885,141,264,5,190,78,66,46,0.137627902602276,0.06041009548317264
20,61,red,554,-114,288,5,215,94,93,28,0.06792123730966561,0.15234448764566616
21,62,red,1968,1096,249,89,243,71,71,101,0.5096092589181229,0.9655592049082854
22,63,blue,101,782,32,251,199,91,89,19,0.06099005048278401,0.4664669275859598
23,64,blue,255,1169,25,302,242,98,93,51,0.15470795644307625,0.33155627450658154
24,65,red,409,-72,244,1,170,70,85,15,0.04625307668088142,0.027324688775330702
25,66,red,955,251,235,6,163,67,54,42,0.26967853633747174,0.09932596045322233
26,67,red,753,81,264,12,192,86,70,36,0.12213479997372993,0.016793448343534752
27,68,blue,153,1016,59,245,209,88,88,33,0.1535986187832628,0.1558092671886046
28,69,red,1533,1059,276,17,212,60,73,79,0.22285474932445584,0.6581186895467298
29,70,blue,1269,1704,245,258,357,117,119,121,0.21693273595030269,0.2844381936368139
30,71,red,633,-117,244,48,196,77,81,38,0.1373501829664499,0.32397585214113156
31,72,blue,1021,1296,230,321,404,127,132,145,0.3685614328982202,0.14233606994183004
32,73,blue,1155,1638,117,318,329,106,111,112,0.3095961153027293,0.21727067210717305
33,74,red,1546,1074,359,304,519,154,172,193,0.19172932014068775,0.04929735815111981
34,75,blue,421,1185,99,296,289,105,107,77,0.09623248682188634,0.20814288021567445
35,76,red,1958,1484,263,207,329,98,116,115,0.3070592319734425,0.7635466872796924
36,77,red,1812,1218,239,48,198,71,68,59,0.3184288968968758,0.6657107224231901
37,78,red,1491,976,294,220,369,125,131,113,0.12247051924712574,0.050134162968614115
38,79,blue,-87,212,0,286,208,107,94,7,0.0,0.2568924050867248
39,80,blue,1099,1840,15,237,192,68,65,59,0.3705237106326934,0.3892319105100097
40,81,red,1572,1244,310,96,310,99,101,110,0.1532747522336335,0.5491652145431829
41,82,red,1473,1259,314,143,330,107,107,116,0.09047827853813761,0.4786087586340658
42,83,red,1252,1222,227,232,323,102,108,113,0.327265215374579,0.26547697914159823
43,84,red,322,-50,246,18,182,86,72,24,0.13999086600479219,0.24837811526097525
44,85,blue,1085,1340,112,88,148,57,53,38,0.1839145847572533,0.47442300007776284
45,86,blue,1957,2136,286,273,423,139,151,133,0.1550676077817365,0.6188201278984266
46,87,blue,489,1193,44,300,253,93,97,63,0.4442029843165457,0.23392695020887594
47,88,blue,637,1536,9,275,206,64,64,78,0.4103322171215898,0.23452976868262285
48,89,red,1087,341,258,79,235,90,87,58,0.1154179710431362,0.10567319439109085
49,90,blue,591,1339,26,291,234,90,82,62,0.32395776144520033,0.21642380389536925
50,91,blue,638,1492,273,328,448,146,163,139,0.11310232740090867,0.1430379195069576
51,92,blue,1101,1538,131,338,353,126,119,108,0.21490228681012313,0.08191898510958824
52,93,blue,303,1049,64,281,242,81,96,65,0.09171674969354875,0.03642037003778271
53,94,blue,228,976,3,251,178,75,70,33,0.020368851903771277,0.21804287828006572
54,95,red,577,97,259,19,196,66,100,30,0.21571039165474906,0.04162105609684627
55,96,red,1409,1241,231,165,272,92,85,95,0.3220030055409896,0.17497672582205798
56,97,blue,917,2002,250,273,370,99,135,136,0.1394384368645916,0.5295794717368193
57,98,red,1604,1264,197,212,298,92,107,99,0.29728196743036234,0.18854143717981076
58,99,blue,1231,1388,239,297,387,118,123,146,0.12747200982746354,0.10790294514283974
59,100,red,485,-75,292,27,234,100,97,37,0.20090379225628283,0.21290756908752764
60,101,blue,805,1687,260,234,353,120,126,107,0.09366028321825863,0.2520421956554597
61,102,blue,227,1096,140,291,314,109,119,86,0.21205474830977894,0.11543990203769741
62,103,blue,209,831,24,309,249,109,96,44,0.08397967407157987,0.29500873269552136
63,104,blue,-52,687,4,272,197,85,81,31,0.04488221390055179,0.1842929271793692
64,105,red,424,-36,224,1,146,71,55,20,0.18730303591053496,0.0363495958340466
65,106,red,746,110,179,4,115,51,42,22,0.17356609183379854,0.00426623297618973
66,107,red,1829,1094,253,125,263,87,87,89,0.3144410123896482,0.11216514240455258
67,108,blue,122,847,14,241,176,81,78,17,0.009870473491867137,0.5714192394073025
68,109,red,2127,1988,44,119,130,47,47,36,1.4647282668256572,1.1899171274716076
69,110,red,1884,1156,237,77,224,70,88,66,0.25653434205494274,0.2543885098182969
70,111,red,1848,777,180,161,242,83,90,69,0.29369778530614477,0.13128214019827808
71,112,blue,954,1361,247,289,383,111,125,147,0.14677221844689695,0.18080626145082634
72,113,blue,453,1318,115,265,281,92,107,82,0.2859068535533935,0.07709813336410995
73,114,red,1166,321,288,53,245,87,95,63,0.15039871025692508,0.15149639329185724
74,115,red,391,-73,257,1,181,74,91,16,0.33758145923702554,0.04426884336170144
75,116,blue,212,927,15,238,181,76,68,37,0.021936049157942453,0.19183025542717672
76,117,red,891,70,294,26,234,81,102,51,0.22742259094107684,0.06265217400833041
77,118,blue,30,467,12,213,146,65,59,22,0.05821851581637785,0.23973357444528745
78,119,blue,925,1459,63,251,226,83,79,64,0.27136343619078296,0.27999676921241234
79,120,empty,1361,1316,123,181,214,83,75,56,0.3734395058491896,0.3003138389586591
80,121,red,1083,247,212,3,141,56,49,36,0.0876766762069874,0.09065253433910907
81,122,blue,1262,1333,140,225,270,86,86,98,0.09444342266277472,0.10782167040484462
82,123,red,1469,434,279,83,258,77,100,81,0.23507906964589725,0.4805418832593509
83,124,red,904,208,285,52,245,87,103,55,0.24625761003320998,0.12717169663316252
84,125,red,660,18,242,25,181,68,73,40,0.17037097139986518,0.04055027653793688
85,126,red,565,26,222,8,150,70,58,22,0.2009707713372962,0.09824158549758372
86,127,red,1677,1358,270,258,377,115,130,132,0.20658744539365675,0.41184727051428444
87,128,red,696,139,278,4,205,83,82,40,0.0772556990560536,0.04093183520908098
88,129,blue,1916,2028,170,60,166,54,65,47,0.4281944075817121,0.46083708088358544
89,130,red,1585,1337,261,248,361,118,111,132,0.12333464289391256,0.04572438380735295
90,131,red,289,-87,253,0,176,82,79,15,0.08156723377304631,0.0
91,132,blue,1070,1366,271,259,401,126,129,146,0.07697794029274782,0.04991175083968292
92,133,red,1194,409,284,13,218,81,71,66,0.13116915302677504,0.22342971066812428
93,134,blue,608,1405,86,286,275,103,109,63,0.0830051793047689,0.3547252414344149
94,135,red,1866,831,291,97,289,90,93,106,0.36690847287847056,0.42787179513782647
95,136,blue,1455,1603,228,246,336,105,122,109,0.24135743178029054,0.25894590924205757
96,137,blue,1298,1549,243,292,401,128,137,136,0.0908097633009487,0.11990809140942274
97,138,blue,-90,280,0,237,160,78,76,6,0.0,0.0670177910870291
98,139,red,887,245,254,12,182,69,74,39,0.06401861011983523,0.0673939540823629
99,140,red,1339,538,162,10,107,37,38,32,0.48777880233842347,0.23348149328855938
100,141,red,1397,850,243,35,195,65,64,66,0.2478218515123675,0.2518988935714004
